dt,mean,stdev
0.5,103.119,2.50517
01,103.089,2.47753
03,102.768,2.42037
06,102.768,2.42297
09,102.774,2.43585
15,102.773,2.48572
30,102.782,2.50487
45,102.793,2.52115
90,102.783,2.5014
