dt,mean,stdev
01,107.685,5.21481
03,107.454,5.13136
06,107.462,5.12981
09,107.458,5.13356
15,107.446,5.14715
30,107.398,5.54601
45,107.436,5.3026
90,107.478,5.34657
