dt,mean,stdev
0.5,107.667,5.23254
01,107.663,5.22174
03,107.675,5.23045
06,107.672,5.23136
09,107.669,5.23205
15,107.667,5.26262
24,107.632,5.29827
27,107.213,5.66734
30,106.881,6.01427
33,106.788,6.34915
36,107.699,5.28413
45,107.662,5.3256
90,107.688,5.3139
