dt,mean,stdev
0.5,103.119,2.50517
01,103.089,2.45709
03,103.116,2.42879
06,103.118,2.4293
09,103.118,2.43131
15,103.119,2.43519
30,103.086,2.71301
45,103.116,2.44739
90,103.11,2.45564
