dt,mean,stdev
0.5,103.119,2.50517
01,103.089,2.45709
03,102.767,2.38185
06,102.77,2.3845
09,103.118,2.43131
15,103.119,2.43519
30,102.787,2.47756
45,103.116,2.44739
90,103.11,2.45564
